-- MySQL dump 10.13  Distrib 8.0.45, for Linux (x86_64)
--
-- Host: localhost    Database: ecommerce_db
-- ------------------------------------------------------
-- Server version	8.0.45-0ubuntu0.22.04.1

/*!40101 SET @OLD_CHARACTER_SET_CLIENT=@@CHARACTER_SET_CLIENT */;
/*!40101 SET @OLD_CHARACTER_SET_RESULTS=@@CHARACTER_SET_RESULTS */;
/*!40101 SET @OLD_COLLATION_CONNECTION=@@COLLATION_CONNECTION */;
/*!50503 SET NAMES utf8mb4 */;
/*!40103 SET @OLD_TIME_ZONE=@@TIME_ZONE */;
/*!40103 SET TIME_ZONE='+00:00' */;
/*!40014 SET @OLD_UNIQUE_CHECKS=@@UNIQUE_CHECKS, UNIQUE_CHECKS=0 */;
/*!40014 SET @OLD_FOREIGN_KEY_CHECKS=@@FOREIGN_KEY_CHECKS, FOREIGN_KEY_CHECKS=0 */;
/*!40101 SET @OLD_SQL_MODE=@@SQL_MODE, SQL_MODE='NO_AUTO_VALUE_ON_ZERO' */;
/*!40111 SET @OLD_SQL_NOTES=@@SQL_NOTES, SQL_NOTES=0 */;

--
-- Table structure for table `categories`
--

DROP TABLE IF EXISTS `categories`;
/*!40101 SET @saved_cs_client     = @@character_set_client */;
/*!50503 SET character_set_client = utf8mb4 */;
CREATE TABLE `categories` (
  `category_id` bigint NOT NULL AUTO_INCREMENT,
  `category_description` varchar(255) DEFAULT NULL,
  `category_name` varchar(150) NOT NULL,
  `inserted_date` datetime(6) DEFAULT NULL,
  `created_at` timestamp NULL DEFAULT CURRENT_TIMESTAMP,
  PRIMARY KEY (`category_id`),
  UNIQUE KEY `UK41g4n0emuvcm3qyf1f6cn43c0` (`category_name`)
) ENGINE=InnoDB AUTO_INCREMENT=11 DEFAULT CHARSET=utf8mb4 COLLATE=utf8mb4_0900_ai_ci;
/*!40101 SET character_set_client = @saved_cs_client */;

--
-- Dumping data for table `categories`
--

LOCK TABLES `categories` WRITE;
/*!40000 ALTER TABLE `categories` DISABLE KEYS */;
INSERT INTO `categories` VALUES (1,'Mobile phones, laptops, gadgets and accessories','Electronics','2026-02-19 11:09:28.219095','2026-02-19 05:39:28'),(2,'Men and Women clothing, footwear and accessories','Fashion','2026-02-19 11:09:28.219095','2026-02-19 05:39:28'),(3,'Furniture, kitchen appliances and home decor','Home & Kitchen','2026-02-19 11:09:28.219095','2026-02-19 05:39:28'),(4,'Educational, fiction and non-fiction books','Books','2026-02-19 11:09:28.219095','2026-02-19 05:39:28'),(5,'Skincare, makeup and grooming products','Beauty & Personal Care','2026-02-19 11:09:28.219095','2026-02-19 05:39:28'),(6,'Gym equipment, sports gear and accessories','Sports & Fitness','2026-02-19 11:09:28.219095','2026-02-19 05:39:28'),(7,'Kids toys, puzzles and board games','Toys & Games','2026-02-19 11:09:28.219095','2026-02-19 05:39:28'),(8,'Car and bike accessories and parts','Automotive','2026-02-19 11:09:28.219095','2026-02-19 05:39:28'),(9,'Daily essentials, packaged food and beverages','Groceries','2026-02-19 11:09:28.219095','2026-02-19 05:39:28'),(10,'Healthcare products and supplements','Health & Wellness','2026-02-19 11:09:28.219095','2026-02-19 05:39:28');
/*!40000 ALTER TABLE `categories` ENABLE KEYS */;
UNLOCK TABLES;

--
-- Table structure for table `products`
--

DROP TABLE IF EXISTS `products`;
/*!40101 SET @saved_cs_client     = @@character_set_client */;
/*!50503 SET character_set_client = utf8mb4 */;
CREATE TABLE `products` (
  `product_id` bigint NOT NULL AUTO_INCREMENT,
  `image` varchar(255) DEFAULT NULL,
  `inserted_date` datetime(6) DEFAULT NULL,
  `product_description` varchar(255) DEFAULT NULL,
  `product_name` varchar(200) NOT NULL,
  `category_id` bigint NOT NULL,
  `created_at` timestamp NULL DEFAULT CURRENT_TIMESTAMP,
  `image_url` varchar(255) DEFAULT NULL,
  `product_price` decimal(10,2) NOT NULL,
  PRIMARY KEY (`product_id`),
  KEY `FKog2rp4qthbtt2lfyhfo32lsw9` (`category_id`),
  CONSTRAINT `FKog2rp4qthbtt2lfyhfo32lsw9` FOREIGN KEY (`category_id`) REFERENCES `categories` (`category_id`)
) ENGINE=InnoDB AUTO_INCREMENT=221 DEFAULT CHARSET=utf8mb4 COLLATE=utf8mb4_0900_ai_ci;
/*!40101 SET character_set_client = @saved_cs_client */;

--
-- Dumping data for table `products`
--

LOCK TABLES `products` WRITE;
/*!40000 ALTER TABLE `products` DISABLE KEYS */;
INSERT INTO `products` VALUES (21,'placeholder.png','2026-02-19 11:17:30.642940','Apple smartphone with A17 chip and 128GB storage','iPhone 15 Pro',1,'2026-02-19 05:47:30','/images/placeholder.png',129999.00),(22,'placeholder.png','2026-02-19 11:17:30.642940','Flagship Android phone with AMOLED display','Samsung Galaxy S24',1,'2026-02-19 05:47:30','/images/placeholder.png',89999.00),(23,'placeholder.png','2026-02-19 11:17:30.642940','High performance 5G smartphone','OnePlus 12',1,'2026-02-19 05:47:30','/images/placeholder.png',64999.00),(24,'placeholder.png','2026-02-19 11:17:30.642940','15-inch laptop with Intel i7 processor','Dell Inspiron 15',1,'2026-02-19 05:47:30','/images/placeholder.png',75999.00),(25,'placeholder.png','2026-02-19 11:17:30.642940','Lightweight laptop for office use','HP Pavilion Laptop',1,'2026-02-19 05:47:30','/images/placeholder.png',68999.00),(26,'placeholder.png','2026-02-19 11:17:30.642940','Apple laptop with M2 chip','MacBook Air M2',1,'2026-02-19 05:47:30','/images/placeholder.png',114999.00),(27,'placeholder.png','2026-02-19 11:17:30.642940','Noise cancelling wireless headphones','Sony WH-1000XM5',1,'2026-02-19 05:47:30','/images/placeholder.png',29999.00),(28,'placeholder.png','2026-02-19 11:17:30.642940','Portable Bluetooth speaker','JBL Flip 6',1,'2026-02-19 05:47:30','/images/placeholder.png',9999.00),(29,'placeholder.png','2026-02-19 11:17:30.642940','Smartwatch with health tracking','Apple Watch Series 9',1,'2026-02-19 05:47:30','/images/placeholder.png',45999.00),(30,'placeholder.png','2026-02-19 11:17:30.642940','55-inch Ultra HD Smart Television','Mi 4K Smart TV',1,'2026-02-19 05:47:30','/images/placeholder.png',54999.00),(31,'placeholder.png','2026-02-19 11:17:30.642940','DSLR camera for beginners','Canon EOS 1500D',1,'2026-02-19 05:47:30','/images/placeholder.png',42999.00),(32,'placeholder.png','2026-02-19 11:17:30.642940','Wireless ergonomic mouse','Logitech MX Master 3',1,'2026-02-19 05:47:30','/images/placeholder.png',8999.00),(33,'placeholder.png','2026-02-19 11:17:30.642940','High performance gaming laptop','Asus Gaming Laptop RTX 4060',1,'2026-02-19 05:47:30','/images/placeholder.png',119999.00),(34,'placeholder.png','2026-02-19 11:17:30.642940','High-speed solid state drive','Samsung 1TB SSD',1,'2026-02-19 05:47:30','/images/placeholder.png',8999.00),(35,'placeholder.png','2026-02-19 11:17:30.642940','Wireless earbuds with charging case','Boat Airdopes 441',1,'2026-02-19 05:47:30','/images/placeholder.png',2499.00),(36,'placeholder.png','2026-02-19 11:17:30.642940','Android tablet with 10-inch display','Lenovo Tab M10',1,'2026-02-19 05:47:30','/images/placeholder.png',17999.00),(37,'placeholder.png','2026-02-19 11:17:30.642940','Action camera for adventure recording','GoPro Hero 12',1,'2026-02-19 05:47:30','/images/placeholder.png',44999.00),(38,'placeholder.png','2026-02-19 11:17:30.642940','Dual-band high-speed router','TP-Link WiFi Router',1,'2026-02-19 05:47:30','/images/placeholder.png',3499.00),(39,'placeholder.png','2026-02-19 11:17:30.642940','Portable hard disk drive','Seagate 2TB External HDD',1,'2026-02-19 05:47:30','/images/placeholder.png',6999.00),(40,'placeholder.png','2026-02-19 11:17:30.642940','Fitness tracking smart band','Noise Smart Band',1,'2026-02-19 05:47:30','/images/placeholder.png',2999.00),(41,'placeholder.png','2026-02-19 11:18:21.408534','Cotton slim fit casual shirt','Men Casual Shirt',2,'2026-02-19 05:48:21','/images/placeholder.png',1499.00),(42,'placeholder.png','2026-02-19 11:18:21.408534','Floral knee-length dress','Women Summer Dress',2,'2026-02-19 05:48:21','/images/placeholder.png',1999.00),(43,'placeholder.png','2026-02-19 11:18:21.408534','Regular fit blue jeans','Men Denim Jeans',2,'2026-02-19 05:48:21','/images/placeholder.png',2499.00),(44,'placeholder.png','2026-02-19 11:18:21.408534','Leather stylish handbag','Women Handbag',2,'2026-02-19 05:48:21','/images/placeholder.png',3499.00),(45,'placeholder.png','2026-02-19 11:18:21.408534','Comfortable running shoes','Men Sports Shoes',2,'2026-02-19 05:48:21','/images/placeholder.png',2999.00),(46,'placeholder.png','2026-02-19 11:18:21.408534','Elegant party wear heels','Women Heels',2,'2026-02-19 05:48:21','/images/placeholder.png',2199.00),(47,'placeholder.png','2026-02-19 11:18:21.408534','Premium biker jacket','Men Leather Jacket',2,'2026-02-19 05:48:21','/images/placeholder.png',5999.00),(48,'placeholder.png','2026-02-19 11:18:21.408534','Traditional printed kurti','Women Kurti',2,'2026-02-19 05:48:21','/images/placeholder.png',1299.00),(49,'placeholder.png','2026-02-19 11:18:21.408534','Office wear trousers','Men Formal Trousers',2,'2026-02-19 05:48:21','/images/placeholder.png',1899.00),(50,'placeholder.png','2026-02-19 11:18:21.408534','UV protection sunglasses','Unisex Sunglasses',2,'2026-02-19 05:48:21','/images/placeholder.png',999.00),(51,'placeholder.png','2026-02-19 11:18:21.408534','Winter fleece hoodie','Men Hoodie',2,'2026-02-19 05:48:21','/images/placeholder.png',1999.00),(52,'placeholder.png','2026-02-19 11:18:21.408534','Silk festive saree','Women Saree',2,'2026-02-19 05:48:21','/images/placeholder.png',4999.00),(53,'placeholder.png','2026-02-19 11:18:21.408534','Genuine leather belt','Men Belt',2,'2026-02-19 05:48:21','/images/placeholder.png',899.00),(54,'placeholder.png','2026-02-19 11:18:21.408534','Elegant wrist watch','Women Watch',2,'2026-02-19 05:48:21','/images/placeholder.png',2599.00),(55,'placeholder.png','2026-02-19 11:18:21.408534','Adjustable cotton cap','Men Cap',2,'2026-02-19 05:48:21','/images/placeholder.png',499.00),(56,'placeholder.png','2026-02-19 11:18:21.408534','Comfort flat sandals','Women Sandals',2,'2026-02-19 05:48:21','/images/placeholder.png',1499.00),(57,'placeholder.png','2026-02-19 11:18:21.408534','Formal slim fit blazer','Men Blazer',2,'2026-02-19 05:48:21','/images/placeholder.png',6999.00),(58,'placeholder.png','2026-02-19 11:18:21.408534','Stretchable cotton leggings','Women Leggings',2,'2026-02-19 05:48:21','/images/placeholder.png',799.00),(59,'placeholder.png','2026-02-19 11:18:21.408534','Leather bi-fold wallet','Men Wallet',2,'2026-02-19 05:48:21','/images/placeholder.png',1299.00),(60,'placeholder.png','2026-02-19 11:18:21.408534','Soft printed scarf','Women Scarf',2,'2026-02-19 05:48:21','/images/placeholder.png',599.00),(61,'placeholder.png','2026-02-19 11:18:26.956435','6-seater solid wood dining table','Wooden Dining Table',3,'2026-02-19 05:48:26','/images/placeholder.png',25999.00),(62,'placeholder.png','2026-02-19 11:18:26.956435','Ergonomic adjustable office chair','Office Chair',3,'2026-02-19 05:48:26','/images/placeholder.png',7999.00),(63,'placeholder.png','2026-02-19 11:18:26.956435','3+2 seater fabric sofa set','Sofa Set',3,'2026-02-19 05:48:26','/images/placeholder.png',45999.00),(64,'placeholder.png','2026-02-19 11:18:26.956435','Modern decorative ceiling light','LED Ceiling Light',3,'2026-02-19 05:48:26','/images/placeholder.png',2999.00),(65,'placeholder.png','2026-02-19 11:18:26.956435','5-piece non-stick cookware','Non-Stick Cookware Set',3,'2026-02-19 05:48:26','/images/placeholder.png',3499.00),(66,'placeholder.png','2026-02-19 11:18:26.956435','750W kitchen mixer grinder','Mixer Grinder',3,'2026-02-19 05:48:26','/images/placeholder.png',4999.00),(67,'placeholder.png','2026-02-19 11:18:26.956435','25L convection microwave oven','Microwave Oven',3,'2026-02-19 05:48:26','/images/placeholder.png',11999.00),(68,'placeholder.png','2026-02-19 11:18:26.956435','Double door refrigerator','Refrigerator 260L',3,'2026-02-19 05:48:26','/images/placeholder.png',28999.00),(69,'placeholder.png','2026-02-19 11:18:26.956435','RO+UV water purifier','Water Purifier',3,'2026-02-19 05:48:26','/images/placeholder.png',14999.00),(70,'placeholder.png','2026-02-19 11:18:26.956435','Bagless powerful vacuum cleaner','Vacuum Cleaner',3,'2026-02-19 05:48:26','/images/placeholder.png',8999.00),(71,'placeholder.png','2026-02-19 11:18:26.956435','1.5L stainless steel kettle','Electric Kettle',3,'2026-02-19 05:48:26','/images/placeholder.png',1299.00),(72,'placeholder.png','2026-02-19 11:18:26.956435','Stainless steel gas stove','Gas Stove 3 Burner',3,'2026-02-19 05:48:26','/images/placeholder.png',3999.00),(73,'placeholder.png','2026-02-19 11:18:26.956435','Modern decorative wall clock','Wall Clock',3,'2026-02-19 05:48:26','/images/placeholder.png',799.00),(74,'placeholder.png','2026-02-19 11:18:26.956435','Queen size memory foam mattress','Bed Mattress',3,'2026-02-19 05:48:26','/images/placeholder.png',15999.00),(75,'placeholder.png','2026-02-19 11:18:26.956435','Premium window curtain set','Curtain Set',3,'2026-02-19 05:48:26','/images/placeholder.png',1999.00),(76,'placeholder.png','2026-02-19 11:18:26.956435','Steam electric iron','Iron Box',3,'2026-02-19 05:48:26','/images/placeholder.png',1499.00),(77,'placeholder.png','2026-02-19 11:18:26.956435','2000W portable room heater','Room Heater',3,'2026-02-19 05:48:26','/images/placeholder.png',3499.00),(78,'placeholder.png','2026-02-19 11:18:26.956435','Stainless steel knife set','Kitchen Knife Set',3,'2026-02-19 05:48:26','/images/placeholder.png',999.00),(79,'placeholder.png','2026-02-19 11:18:26.956435','Digital oil-free air fryer','Air Fryer',3,'2026-02-19 05:48:26','/images/placeholder.png',6999.00),(80,'placeholder.png','2026-02-19 11:18:26.956435','Multi-purpose wooden cabinet','Storage Cabinet',3,'2026-02-19 05:48:26','/images/placeholder.png',8999.00),(81,'placeholder.png','2026-02-19 11:18:35.779019','Inspirational fiction novel','The Alchemist',4,'2026-02-19 05:48:35','/images/placeholder.png',399.00),(82,'placeholder.png','2026-02-19 11:18:35.779019','Self-improvement book by James Clear','Atomic Habits',4,'2026-02-19 05:48:35','/images/placeholder.png',499.00),(83,'placeholder.png','2026-02-19 11:18:35.779019','Personal finance book','Rich Dad Poor Dad',4,'2026-02-19 05:48:35','/images/placeholder.png',399.00),(84,'placeholder.png','2026-02-19 11:18:35.779019','Book about building habits','The Power of Habit',4,'2026-02-19 05:48:35','/images/placeholder.png',450.00),(85,'placeholder.png','2026-02-19 11:18:35.779019','Fantasy novel by J.K. Rowling','Harry Potter 1',4,'2026-02-19 05:48:35','/images/placeholder.png',599.00),(86,'placeholder.png','2026-02-19 11:18:35.779019','Programming textbook','Data Structures in Java',4,'2026-02-19 05:48:35','/images/placeholder.png',799.00),(87,'placeholder.png','2026-02-19 11:18:35.779019','Software craftsmanship guide','Clean Code',4,'2026-02-19 05:48:35','/images/placeholder.png',899.00),(88,'placeholder.png','2026-02-19 11:18:35.779019','Finance and mindset book','The Psychology of Money',4,'2026-02-19 05:48:35','/images/placeholder.png',499.00),(89,'placeholder.png','2026-02-19 11:18:35.779019','Japanese philosophy book','Ikigai',4,'2026-02-19 05:48:35','/images/placeholder.png',350.00),(90,'placeholder.png','2026-02-19 11:18:35.779019','Classic success book','Think and Grow Rich',4,'2026-02-19 05:48:35','/images/placeholder.png',299.00),(91,'placeholder.png','2026-02-19 11:18:35.779019','Autobiography of A.P.J Abdul Kalam','Wings of Fire',4,'2026-02-19 05:48:35','/images/placeholder.png',399.00),(92,'placeholder.png','2026-02-19 11:18:35.779019','Fantasy adventure novel','The Hobbit',4,'2026-02-19 05:48:35','/images/placeholder.png',499.00),(93,'placeholder.png','2026-02-19 11:18:35.779019','Focus and productivity book','Deep Work',4,'2026-02-19 05:48:35','/images/placeholder.png',599.00),(94,'placeholder.png','2026-02-19 11:18:35.779019','Motivational fiction','The Monk Who Sold His Ferrari',4,'2026-02-19 05:48:35','/images/placeholder.png',350.00),(95,'placeholder.png','2026-02-19 11:18:35.779019','History of humankind','Sapiens',4,'2026-02-19 05:48:35','/images/placeholder.png',699.00),(96,'placeholder.png','2026-02-19 11:18:35.779019','Startup business book','Zero to One',4,'2026-02-19 05:48:35','/images/placeholder.png',499.00),(97,'placeholder.png','2026-02-19 11:18:35.779019','Morning routine book','The 5AM Club',4,'2026-02-19 05:48:35','/images/placeholder.png',450.00),(98,'placeholder.png','2026-02-19 11:18:35.779019','Self-help book','You Can Win',4,'2026-02-19 05:48:35','/images/placeholder.png',299.00),(99,'placeholder.png','2026-02-19 11:18:35.779019','Advanced CS textbook','Introduction to Algorithms',4,'2026-02-19 05:48:35','/images/placeholder.png',1299.00),(100,'placeholder.png','2026-02-19 11:18:35.779019','Modern self-help book','The Subtle Art of Not Giving a F*ck',4,'2026-02-19 05:48:35','/images/placeholder.png',499.00),(101,'placeholder.png','2026-02-19 11:18:40.534584','Gentle daily face cleanser','Face Wash',5,'2026-02-19 05:48:40','/images/placeholder.png',299.00),(102,'placeholder.png','2026-02-19 11:18:40.534584','Hydrating skin cream','Moisturizer Cream',5,'2026-02-19 05:48:40','/images/placeholder.png',399.00),(103,'placeholder.png','2026-02-19 11:18:40.534584','Long-lasting matte lipstick','Lipstick Matte',5,'2026-02-19 05:48:40','/images/placeholder.png',499.00),(104,'placeholder.png','2026-02-19 11:18:40.534584','Anti-dandruff shampoo','Hair Shampoo',5,'2026-02-19 05:48:40','/images/placeholder.png',349.00),(105,'placeholder.png','2026-02-19 11:18:40.534584','Smoothening conditioner','Hair Conditioner',5,'2026-02-19 05:48:40','/images/placeholder.png',349.00),(106,'placeholder.png','2026-02-19 11:18:40.534584','Sun protection lotion','Sunscreen SPF 50',5,'2026-02-19 05:48:40','/images/placeholder.png',399.00),(107,'placeholder.png','2026-02-19 11:18:40.534584','Long-lasting fragrance','Perfume for Men',5,'2026-02-19 05:48:40','/images/placeholder.png',1999.00),(108,'placeholder.png','2026-02-19 11:18:40.534584','Floral fragrance perfume','Perfume for Women',5,'2026-02-19 05:48:40','/images/placeholder.png',1899.00),(109,'placeholder.png','2026-02-19 11:18:40.534584','Vitamin C brightening serum','Face Serum',5,'2026-02-19 05:48:40','/images/placeholder.png',699.00),(110,'placeholder.png','2026-02-19 11:18:40.534584','Nourishing beard oil','Beard Oil',5,'2026-02-19 05:48:40','/images/placeholder.png',299.00),(111,'placeholder.png','2026-02-19 11:18:40.534584','1200W professional hair dryer','Hair Dryer',5,'2026-02-19 05:48:40','/images/placeholder.png',1499.00),(112,'placeholder.png','2026-02-19 11:18:40.534584','Ceramic hair straightener','Straightener',5,'2026-02-19 05:48:40','/images/placeholder.png',1999.00),(113,'placeholder.png','2026-02-19 11:18:40.534584','Moisturizing body lotion','Body Lotion',5,'2026-02-19 05:48:40','/images/placeholder.png',399.00),(114,'placeholder.png','2026-02-19 11:18:40.534584','6-piece nail polish set','Nail Polish Set',5,'2026-02-19 05:48:40','/images/placeholder.png',699.00),(115,'placeholder.png','2026-02-19 11:18:40.534584','Hydrating sheet mask pack','Face Mask Pack',5,'2026-02-19 05:48:40','/images/placeholder.png',499.00),(116,'placeholder.png','2026-02-19 11:18:40.534584','Rechargeable grooming trimmer','Trimmer',5,'2026-02-19 05:48:40','/images/placeholder.png',1299.00),(117,'placeholder.png','2026-02-19 11:18:40.534584','Complete makeup starter kit','Makeup Kit',5,'2026-02-19 05:48:40','/images/placeholder.png',2499.00),(118,'placeholder.png','2026-02-19 11:18:40.534584','Natural skin soothing gel','Aloe Vera Gel',5,'2026-02-19 05:48:40','/images/placeholder.png',249.00),(119,'placeholder.png','2026-02-19 11:18:40.534584','Exfoliating scrub cream','Face Scrub',5,'2026-02-19 05:48:40','/images/placeholder.png',299.00),(120,'placeholder.png','2026-02-19 11:18:40.534584','Waterproof liquid eyeliner','Eye Liner',5,'2026-02-19 05:48:40','/images/placeholder.png',199.00),(121,'placeholder.png','2026-02-19 11:18:45.078044','Motorized home treadmill','Treadmill',6,'2026-02-19 05:48:45','/images/placeholder.png',35999.00),(122,'placeholder.png','2026-02-19 11:18:45.078044','10kg adjustable dumbbell set','Dumbbell Set',6,'2026-02-19 05:48:45','/images/placeholder.png',2999.00),(123,'placeholder.png','2026-02-19 11:18:45.078044','Anti-slip exercise mat','Yoga Mat',6,'2026-02-19 05:48:45','/images/placeholder.png',799.00),(124,'placeholder.png','2026-02-19 11:18:45.078044','English willow cricket bat','Cricket Bat',6,'2026-02-19 05:48:45','/images/placeholder.png',4999.00),(125,'placeholder.png','2026-02-19 11:18:45.078044','Professional size football','Football',6,'2026-02-19 05:48:45','/images/placeholder.png',999.00),(126,'placeholder.png','2026-02-19 11:18:45.078044','Lightweight racket with cover','Badminton Racket',6,'2026-02-19 05:48:45','/images/placeholder.png',1499.00),(127,'placeholder.png','2026-02-19 11:18:45.078044','Adjustable fitness skipping rope','Skipping Rope',6,'2026-02-19 05:48:45','/images/placeholder.png',299.00),(128,'placeholder.png','2026-02-19 11:18:45.078044','Indoor stationary bike','Exercise Cycle',6,'2026-02-19 05:48:45','/images/placeholder.png',18999.00),(129,'placeholder.png','2026-02-19 11:18:45.078044','Anti-slip workout gloves','Gym Gloves',6,'2026-02-19 05:48:45','/images/placeholder.png',499.00),(130,'placeholder.png','2026-02-19 11:18:45.078044','Whey protein supplement','Protein Powder',6,'2026-02-19 05:48:45','/images/placeholder.png',2499.00),(131,'placeholder.png','2026-02-19 11:18:45.078044','Cast iron kettlebell','Kettlebell 8kg',6,'2026-02-19 05:48:45','/images/placeholder.png',1499.00),(132,'placeholder.png','2026-02-19 11:18:45.078044','Upper body workout bar','Push Up Bar',6,'2026-02-19 05:48:45','/images/placeholder.png',599.00),(133,'placeholder.png','2026-02-19 11:18:45.078044','Core strengthening roller','Ab Roller',6,'2026-02-19 05:48:45','/images/placeholder.png',699.00),(134,'placeholder.png','2026-02-19 11:18:45.078044','Indoor outdoor basketball','Basketball',6,'2026-02-19 05:48:45','/images/placeholder.png',1099.00),(135,'placeholder.png','2026-02-19 11:18:45.078044','Set of 5 resistance bands','Resistance Bands',6,'2026-02-19 05:48:45','/images/placeholder.png',799.00),(136,'placeholder.png','2026-02-19 11:18:45.078044','Spacious sports duffle bag','Gym Bag',6,'2026-02-19 05:48:45','/images/placeholder.png',999.00),(137,'placeholder.png','2026-02-19 11:18:45.078044','Anti-fog swim goggles','Swimming Goggles',6,'2026-02-19 05:48:45','/images/placeholder.png',499.00),(138,'placeholder.png','2026-02-19 11:18:45.078044','Safety bike helmet','Cycling Helmet',6,'2026-02-19 05:48:45','/images/placeholder.png',1999.00),(139,'placeholder.png','2026-02-19 11:18:45.078044','Professional TT racket','Table Tennis Bat',6,'2026-02-19 05:48:45','/images/placeholder.png',1299.00),(140,'placeholder.png','2026-02-19 11:18:45.078044','Doorway pull up bar','Pull Up Bar',6,'2026-02-19 05:48:45','/images/placeholder.png',1499.00),(141,'placeholder.png','2026-02-19 11:18:50.526837','Rechargeable RC racing car','Remote Control Car',7,'2026-02-19 05:48:50','/images/placeholder.png',1999.00),(142,'placeholder.png','2026-02-19 11:18:50.526837','Creative construction toy set','Building Blocks Set',7,'2026-02-19 05:48:50','/images/placeholder.png',1499.00),(143,'placeholder.png','2026-02-19 11:18:50.526837','Fashion doll with accessories','Barbie Doll',7,'2026-02-19 05:48:50','/images/placeholder.png',999.00),(144,'placeholder.png','2026-02-19 11:18:50.526837','Classic family board game','Ludo Board Game',7,'2026-02-19 05:48:50','/images/placeholder.png',499.00),(145,'placeholder.png','2026-02-19 11:18:50.526837','Wooden professional chess board','Chess Set',7,'2026-02-19 05:48:50','/images/placeholder.png',899.00),(146,'placeholder.png','2026-02-19 11:18:50.526837','Mind challenging jigsaw puzzle','Puzzle 1000 Pieces',7,'2026-02-19 05:48:50','/images/placeholder.png',799.00),(147,'placeholder.png','2026-02-19 11:18:50.526837','Plush soft toy teddy','Soft Teddy Bear',7,'2026-02-19 05:48:50','/images/placeholder.png',699.00),(148,'placeholder.png','2026-02-19 11:18:50.526837','Mini toy car collection','Hot Wheels Pack',7,'2026-02-19 05:48:50','/images/placeholder.png',599.00),(149,'placeholder.png','2026-02-19 11:18:50.526837','Popular family card game','UNO Cards',7,'2026-02-19 05:48:50','/images/placeholder.png',299.00),(150,'placeholder.png','2026-02-19 11:18:50.526837','Pretend play kitchen set','Toy Kitchen Set',7,'2026-02-19 05:48:50','/images/placeholder.png',2499.00),(151,'placeholder.png','2026-02-19 11:18:50.526837','Classic speed cube puzzle','Rubik Cube 3x3',7,'2026-02-19 05:48:50','/images/placeholder.png',399.00),(152,'placeholder.png','2026-02-19 11:18:50.526837','Battery operated train toy','Toy Train Set',7,'2026-02-19 05:48:50','/images/placeholder.png',1799.00),(153,'placeholder.png','2026-02-19 11:18:50.526837','Standard size wooden carrom','Carrom Board',7,'2026-02-19 05:48:50','/images/placeholder.png',1999.00),(154,'placeholder.png','2026-02-19 11:18:50.526837','Fun bouncing toy ball','Skipping Ball',7,'2026-02-19 05:48:50','/images/placeholder.png',299.00),(155,'placeholder.png','2026-02-19 11:18:50.526837','High pressure water gun','Water Gun',7,'2026-02-19 05:48:50','/images/placeholder.png',499.00),(156,'placeholder.png','2026-02-19 11:18:50.526837','Superhero action figure','Action Figure Hero',7,'2026-02-19 05:48:50','/images/placeholder.png',899.00),(157,'placeholder.png','2026-02-19 11:18:50.526837','16-inch children bicycle','Kids Bicycle',7,'2026-02-19 05:48:50','/images/placeholder.png',5999.00),(158,'placeholder.png','2026-02-19 11:18:50.526837','Property trading board game','Board Game Monopoly',7,'2026-02-19 05:48:50','/images/placeholder.png',1499.00),(159,'placeholder.png','2026-02-19 11:18:50.526837','Pretend play medical kit','Toy Doctor Kit',7,'2026-02-19 05:48:50','/images/placeholder.png',699.00),(160,'placeholder.png','2026-02-19 11:18:50.526837','Reusable drawing toy board','Magnetic Drawing Board',7,'2026-02-19 05:48:50','/images/placeholder.png',799.00),(161,'placeholder.png','2026-02-19 11:18:55.492146','Premium leather seat cover','Car Seat Cover',8,'2026-02-19 05:48:55','/images/placeholder.png',2999.00),(162,'placeholder.png','2026-02-19 11:18:55.492146','ISI certified safety helmet','Bike Helmet',8,'2026-02-19 05:48:55','/images/placeholder.png',1499.00),(163,'placeholder.png','2026-02-19 11:18:55.492146','Portable car vacuum','Car Vacuum Cleaner',8,'2026-02-19 05:48:55','/images/placeholder.png',1999.00),(164,'placeholder.png','2026-02-19 11:18:55.492146','Long-lasting car fragrance','Car Perfume',8,'2026-02-19 05:48:55','/images/placeholder.png',299.00),(165,'placeholder.png','2026-02-19 11:18:55.492146','Dashboard mobile holder','Phone Holder for Car',8,'2026-02-19 05:48:55','/images/placeholder.png',499.00),(166,'placeholder.png','2026-02-19 11:18:55.492146','Riding protective gloves','Bike Gloves',8,'2026-02-19 05:48:55','/images/placeholder.png',799.00),(167,'placeholder.png','2026-02-19 11:18:55.492146','Waterproof full body car cover','Car Cover',8,'2026-02-19 05:48:55','/images/placeholder.png',2499.00),(168,'placeholder.png','2026-02-19 11:18:55.492146','Synthetic engine oil','Engine Oil 1L',8,'2026-02-19 05:48:55','/images/placeholder.png',699.00),(169,'placeholder.png','2026-02-19 11:18:55.492146','Portable air compressor','Car Tyre Inflator',8,'2026-02-19 05:48:55','/images/placeholder.png',2499.00),(170,'placeholder.png','2026-02-19 11:18:55.492146','High brightness LED bulb','LED Headlight Bulb',8,'2026-02-19 05:48:55','/images/placeholder.png',1299.00),(171,'placeholder.png','2026-02-19 11:18:55.492146','High performance chain lube','Bike Chain Lubricant',8,'2026-02-19 05:48:55','/images/placeholder.png',299.00),(172,'placeholder.png','2026-02-19 11:18:55.492146','Full HD dash cam','Car Dash Camera',8,'2026-02-19 05:48:55','/images/placeholder.png',4999.00),(173,'placeholder.png','2026-02-19 11:18:55.492146','Powerful rim cleaner spray','Alloy Wheel Cleaner',8,'2026-02-19 05:48:55','/images/placeholder.png',399.00),(174,'placeholder.png','2026-02-19 11:18:55.492146','Anti-slip car mats set','Car Floor Mats',8,'2026-02-19 05:48:55','/images/placeholder.png',1999.00),(175,'placeholder.png','2026-02-19 11:18:55.492146','Waterproof bike storage bag','Bike Saddle Bag',8,'2026-02-19 05:48:55','/images/placeholder.png',999.00),(176,'placeholder.png','2026-02-19 11:18:55.492146','Portable battery booster','Car Jump Starter',8,'2026-02-19 05:48:55','/images/placeholder.png',5999.00),(177,'placeholder.png','2026-02-19 11:18:55.492146','Stylish mirror protection','Side Mirror Cover',8,'2026-02-19 05:48:55','/images/placeholder.png',699.00),(178,'placeholder.png','2026-02-19 11:18:55.492146','Complete car wash kit','Car Cleaning Kit',8,'2026-02-19 05:48:55','/images/placeholder.png',1499.00),(179,'placeholder.png','2026-02-19 11:18:55.492146','Dustproof bike cover','Motorcycle Cover',8,'2026-02-19 05:48:55','/images/placeholder.png',1299.00),(180,'placeholder.png','2026-02-19 11:18:55.492146','Dual port fast charger','Car USB Charger',8,'2026-02-19 05:48:55','/images/placeholder.png',399.00),(181,'placeholder.png','2026-02-19 11:19:00.107183','Premium long grain rice','Basmati Rice 5kg',9,'2026-02-19 05:49:00','/images/placeholder.png',799.00),(182,'placeholder.png','2026-02-19 11:19:00.107183','Refined cooking oil','Sunflower Oil 1L',9,'2026-02-19 05:49:00','/images/placeholder.png',149.00),(183,'placeholder.png','2026-02-19 11:19:00.107183','Whole wheat atta','Wheat Flour 5kg',9,'2026-02-19 05:49:00','/images/placeholder.png',299.00),(184,'placeholder.png','2026-02-19 11:19:00.107183','Refined white sugar','Sugar 1kg',9,'2026-02-19 05:49:00','/images/placeholder.png',49.00),(185,'placeholder.png','2026-02-19 11:19:00.107183','Iodized table salt','Salt 1kg',9,'2026-02-19 05:49:00','/images/placeholder.png',20.00),(186,'placeholder.png','2026-02-19 11:19:00.107183','Premium strong tea','Tea Powder 500g',9,'2026-02-19 05:49:00','/images/placeholder.png',249.00),(187,'placeholder.png','2026-02-19 11:19:00.107183','Instant coffee powder','Coffee 200g',9,'2026-02-19 05:49:00','/images/placeholder.png',199.00),(188,'placeholder.png','2026-02-19 11:19:00.107183','Full cream milk powder','Milk Powder 1kg',9,'2026-02-19 05:49:00','/images/placeholder.png',499.00),(189,'placeholder.png','2026-02-19 11:19:00.107183','Cream filled biscuits','Biscuits Pack',9,'2026-02-19 05:49:00','/images/placeholder.png',30.00),(190,'placeholder.png','2026-02-19 11:19:00.107183','Milk chocolate bar','Chocolate Bar',9,'2026-02-19 05:49:00','/images/placeholder.png',40.00),(191,'placeholder.png','2026-02-19 11:19:00.107183','Rich tomato sauce','Tomato Ketchup',9,'2026-02-19 05:49:00','/images/placeholder.png',120.00),(192,'placeholder.png','2026-02-19 11:19:00.107183','Crunchy peanut butter jar','Peanut Butter',9,'2026-02-19 05:49:00','/images/placeholder.png',199.00),(193,'placeholder.png','2026-02-19 11:19:00.107183','Breakfast cereal','Cornflakes',9,'2026-02-19 05:49:00','/images/placeholder.png',249.00),(194,'placeholder.png','2026-02-19 11:19:00.107183','Herbal green tea bags','Green Tea',9,'2026-02-19 05:49:00','/images/placeholder.png',199.00),(195,'placeholder.png','2026-02-19 11:19:00.107183','Pure natural honey','Honey 500g',9,'2026-02-19 05:49:00','/images/placeholder.png',299.00),(196,'placeholder.png','2026-02-19 11:19:00.107183','Italian style pasta','Pasta 500g',9,'2026-02-19 05:49:00','/images/placeholder.png',99.00),(197,'placeholder.png','2026-02-19 11:19:00.107183','Instant noodles pack','Noodles Pack',9,'2026-02-19 05:49:00','/images/placeholder.png',20.00),(198,'placeholder.png','2026-02-19 11:19:00.107183','Carbonated beverage','Soft Drink 2L',9,'2026-02-19 05:49:00','/images/placeholder.png',99.00),(199,'placeholder.png','2026-02-19 11:19:00.107183','All purpose spice mix','Cooking Masala',9,'2026-02-19 05:49:00','/images/placeholder.png',79.00),(200,'placeholder.png','2026-02-19 11:19:00.107183','Premium mixed dry fruits','Dry Fruits Mix',9,'2026-02-19 05:49:00','/images/placeholder.png',599.00),(201,'placeholder.png','2026-02-19 11:19:03.728521','Immunity booster supplement','Vitamin C Tablets',10,'2026-02-19 05:49:03','/images/placeholder.png',299.00),(202,'placeholder.png','2026-02-19 11:19:03.728521','Daily health supplement','Multivitamin Capsules',10,'2026-02-19 05:49:03','/images/placeholder.png',399.00),(203,'placeholder.png','2026-02-19 11:19:03.728521','Accurate body thermometer','Digital Thermometer',10,'2026-02-19 05:49:03','/images/placeholder.png',499.00),(204,'placeholder.png','2026-02-19 11:19:03.728521','Automatic BP machine','Blood Pressure Monitor',10,'2026-02-19 05:49:03','/images/placeholder.png',1999.00),(205,'placeholder.png','2026-02-19 11:19:03.728521','Blood sugar testing device','Glucometer',10,'2026-02-19 05:49:03','/images/placeholder.png',1499.00),(206,'placeholder.png','2026-02-19 11:19:03.728521','Alcohol based sanitizer','Hand Sanitizer 500ml',10,'2026-02-19 05:49:03','/images/placeholder.png',199.00),(207,'placeholder.png','2026-02-19 11:19:03.728521','Disposable protective masks','Face Mask Pack',10,'2026-02-19 05:49:03','/images/placeholder.png',149.00),(208,'placeholder.png','2026-02-19 11:19:03.728521','Healthy snack bars','Protein Bars',10,'2026-02-19 05:49:03','/images/placeholder.png',499.00),(209,'placeholder.png','2026-02-19 11:19:03.728521','Heart health supplement','Omega 3 Capsules',10,'2026-02-19 05:49:03','/images/placeholder.png',699.00),(210,'placeholder.png','2026-02-19 11:19:03.728521','Supportive yoga brick','Yoga Block',10,'2026-02-19 05:49:03','/images/placeholder.png',599.00),(211,'placeholder.png','2026-02-19 11:19:03.728521','Lumbar support belt','Back Support Belt',10,'2026-02-19 05:49:03','/images/placeholder.png',999.00),(212,'placeholder.png','2026-02-19 11:19:03.728521','Electric body massager','Massager Machine',10,'2026-02-19 05:49:03','/images/placeholder.png',2499.00),(213,'placeholder.png','2026-02-19 11:19:03.728521','Digital body weight scale','Weighing Scale',10,'2026-02-19 05:49:03','/images/placeholder.png',1299.00),(214,'placeholder.png','2026-02-19 11:19:03.728521','Fast acting pain spray','Pain Relief Spray',10,'2026-02-19 05:49:03','/images/placeholder.png',199.00),(215,'placeholder.png','2026-02-19 11:19:03.728521','Bone strength supplement','Calcium Tablets',10,'2026-02-19 05:49:03','/images/placeholder.png',299.00),(216,'placeholder.png','2026-02-19 11:19:03.728521','Detox herbal tea','Herbal Tea',10,'2026-02-19 05:49:03','/images/placeholder.png',249.00),(217,'placeholder.png','2026-02-19 11:19:03.728521','Complete emergency kit','First Aid Kit',10,'2026-02-19 05:49:03','/images/placeholder.png',799.00),(218,'placeholder.png','2026-02-19 11:19:03.728521','Forearm exercise tool','Hand Grip Strengthener',10,'2026-02-19 05:49:03','/images/placeholder.png',399.00),(219,'placeholder.png','2026-02-19 11:19:03.728521','Elastic knee support','Knee Support Brace',10,'2026-02-19 05:49:03','/images/placeholder.png',699.00),(220,'placeholder.png','2026-02-19 11:19:03.728521','Oxygen level monitoring device','Pulse Oximeter',10,'2026-02-19 05:49:03','/images/placeholder.png',999.00);
/*!40000 ALTER TABLE `products` ENABLE KEYS */;
UNLOCK TABLES;

--
-- Table structure for table `users`
--

DROP TABLE IF EXISTS `users`;
/*!40101 SET @saved_cs_client     = @@character_set_client */;
/*!50503 SET character_set_client = utf8mb4 */;
CREATE TABLE `users` (
  `user_id` bigint NOT NULL AUTO_INCREMENT,
  `password` varchar(255) NOT NULL,
  `user_email` varchar(150) NOT NULL,
  `user_name` varchar(150) NOT NULL,
  PRIMARY KEY (`user_id`),
  UNIQUE KEY `UK33uo7vet9c79ydfuwg1w848f` (`user_email`)
) ENGINE=InnoDB AUTO_INCREMENT=15 DEFAULT CHARSET=utf8mb4 COLLATE=utf8mb4_0900_ai_ci;
/*!40101 SET character_set_client = @saved_cs_client */;

--
-- Dumping data for table `users`
--

LOCK TABLES `users` WRITE;
/*!40000 ALTER TABLE `users` DISABLE KEYS */;
INSERT INTO `users` VALUES (1,'$2a$10$fh/ZaiOzXRApeEI2t6Uia.0a9WLUZOEZQz2C1WxI6aIxfaWMTvQvy','john@example.com','Developer John'),(2,'$2a$10$IWQSosUqtjHA960NYl9qV.uiERfV0UeJ5WUzLZxR0aTwGwhOkYw0a','test@example.com','Test User'),(3,'$2a$10$3/1pM57SQKJyiC.6PbW5PeTsAGjM3Hr1EuhLUsJdRqOgsawnHz75O','admin@localhost.com','Santhosh'),(4,'$2a$10$x7c35kFBb9RfNv17mfpbS.7RKA8C2Vq1Afqgl9VVMpDoljTKilgAi','sync@admin.com','syncadmin'),(5,'$2a$10$YN0W6/Eyege3Zfr7Fzh9jebBemktFsQfGuQQIH2sHx05sTx4XXy7q','test1@example.com','Test User'),(6,'$2a$10$yteZwwwGDuNQzfbtkS8ZEOgaDiNaitXGCEu/EK2PPLFtnj/wAQgxe','test2@example.com','Test User 2'),(7,'$2a$10$2s95RD8hOjHptK97ZBFxiuoBtYV7Qgxt8tYrxFDa/gdLN2RJZa7t6','test3@example.com','Test User 3'),(8,'$2a$10$4EGrC1T9HCNKPTS5VWqE5u3UMV9umSaX6BKnCqRQOwBAEEbZgbFI.','browser@test.com','Browser Test'),(9,'$2a$10$K7gF.TDp/aBg8tLes6lHz..ia9nwV7BsJN0lX5PBST8LIQzSF3toO','santhosh@localhost.com','Santhosh A'),(10,'$2a$10$HNofMqgowJA4Ntt5TadNOe6gl77wBXTJk5.HoKwDmn32mRnf.RkOq','strong@test.com','Strong Test'),(11,'$2a$10$IWRGCrJf/qhVODeyFLWQY.mDr08AEzsThBOq0AvbOpBSGGEErEMdK','vikram@gmail.com','vikram'),(12,'$2a$10$DZyGKqNHCpNQn4ifFK1BCusS8F4XOsIlLmFHU9F7r72FmZgoVaWI.','arshad@gmail.com','arshad ali'),(13,'$2a$10$cmgO32wlUl1cLoOUK8fG.uw3tFQvoOu282s1t5PSx99C4kIzz5y6u','jetski_test@example.com','Test User'),(14,'$2a$10$dpb8cmhTmotG0EYVp/raruGdMkw53mFjKW1P1s95MWo2Cc0DbDjka','abcd@example.com','Test User');
/*!40000 ALTER TABLE `users` ENABLE KEYS */;
UNLOCK TABLES;
/*!40103 SET TIME_ZONE=@OLD_TIME_ZONE */;

/*!40101 SET SQL_MODE=@OLD_SQL_MODE */;
/*!40014 SET FOREIGN_KEY_CHECKS=@OLD_FOREIGN_KEY_CHECKS */;
/*!40014 SET UNIQUE_CHECKS=@OLD_UNIQUE_CHECKS */;
/*!40101 SET CHARACTER_SET_CLIENT=@OLD_CHARACTER_SET_CLIENT */;
/*!40101 SET CHARACTER_SET_RESULTS=@OLD_CHARACTER_SET_RESULTS */;
/*!40101 SET COLLATION_CONNECTION=@OLD_COLLATION_CONNECTION */;
/*!40111 SET SQL_NOTES=@OLD_SQL_NOTES */;

-- Dump completed on 2026-02-23 10:25:14
